epoch,step,train/cardinality_error,train/cardinality_error_0,train/cardinality_error_1,train/cardinality_error_enc,train/class_error,train/loss,train/loss_bbox,train/loss_bbox_0,train/loss_bbox_1,train/loss_bbox_enc,train/loss_ce,train/loss_ce_0,train/loss_ce_1,train/loss_ce_enc,train/loss_giou,train/loss_giou_0,train/loss_giou_1,train/loss_giou_enc,train/lr,train/lr_max,train/lr_min,val/AP/car,val/F1,val/ema_mAP_50,val/ema_mAP_50_95,val/ema_mAR,val/loss,val/mAP_50,val/mAP_50_95,val/mAP_75,val/mAR,val/precision,val/recall
0,49,,,,,,,,,,,,,,,,,,,9.999999747378752e-05,9.999999747378752e-05,2.1550427220518031e-07,,,,,,,,,,,,
0,99,,,,,,,,,,,,,,,,,,,9.999999747378752e-05,9.999999747378752e-05,2.1550427220518031e-07,,,,,,,,,,,,
0,149,,,,,,,,,,,,,,,,,,,9.999999747378752e-05,9.999999747378752e-05,2.1550427220518031e-07,,,,,,,,,,,,
0,199,,,,,,,,,,,,,,,,,,,9.999999747378752e-05,9.999999747378752e-05,2.1550427220518031e-07,,,,,,,,,,,,
0,249,,,,,,,,,,,,,,,,,,,9.999999747378752e-05,9.999999747378752e-05,2.1550427220518031e-07,,,,,,,,,,,,
0,299,,,,,,,,,,,,,,,,,,,9.999999747378752e-05,9.999999747378752e-05,2.1550427220518031e-07,,,,,,,,,,,,
0,349,,,,,,,,,,,,,,,,,,,9.999999747378752e-05,9.999999747378752e-05,2.1550427220518031e-07,,,,,,,,,,,,
0,399,,,,,,,,,,,,,,,,,,,9.999999747378752e-05,9.999999747378752e-05,2.1550427220518031e-07,,,,,,,,,,,,
0,449,,,,,,,,,,,,,,,,,,,9.999999747378752e-05,9.999999747378752e-05,2.1550427220518031e-07,,,,,,,,,,,,
0,499,,,,,,,,,,,,,,,,,,,9.999999747378752e-05,9.999999747378752e-05,2.1550427220518031e-07,,,,,,,,,,,,
0,549,,,,,,,,,,,,,,,,,,,9.999999747378752e-05,9.999999747378752e-05,2.1550427220518031e-07,,,,,,,,,,,,
0,599,,,,,,,,,,,,,,,,,,,9.999999747378752e-05,9.999999747378752e-05,2.1550427220518031e-07,,,,,,,,,,,,
0,649,,,,,,,,,,,,,,,,,,,9.999999747378752e-05,9.999999747378752e-05,2.1550427220518031e-07,,,,,,,,,,,,
0,699,,,,,,,,,,,,,,,,,,,9.999999747378752e-05,9.999999747378752e-05,2.1550427220518031e-07,,,,,,,,,,,,
0,749,,,,,,,,,,,,,,,,,,,9.999999747378752e-05,9.999999747378752e-05,2.1550427220518031e-07,,,,,,,,,,,,
0,799,,,,,,,,,,,,,,,,,,,9.999999747378752e-05,9.999999747378752e-05,2.1550427220518031e-07,,,,,,,,,,,,
0,849,,,,,,,,,,,,,,,,,,,9.999999747378752e-05,9.999999747378752e-05,2.1550427220518031e-07,,,,,,,,,,,,
0,899,,,,,,,,,,,,,,,,,,,9.999999747378752e-05,9.999999747378752e-05,2.1550427220518031e-07,,,,,,,,,,,,
0,949,,,,,,,,,,,,,,,,,,,9.999999747378752e-05,9.999999747378752e-05,2.1550427220518031e-07,,,,,,,,,,,,
0,999,,,,,,,,,,,,,,,,,,,9.999999747378752e-05,9.999999747378752e-05,2.1550427220518031e-07,,,,,,,,,,,,
0,1049,,,,,,,,,,,,,,,,,,,9.999999747378752e-05,9.999999747378752e-05,2.1550427220518031e-07,,,,,,,,,,,,
0,1099,,,,,,,,,,,,,,,,,,,9.999999747378752e-05,9.999999747378752e-05,2.1550427220518031e-07,,,,,,,,,,,,
0,1149,,,,,,,,,,,,,,,,,,,9.999999747378752e-05,9.999999747378752e-05,2.1550427220518031e-07,,,,,,,,,,,,
0,1199,,,,,,,,,,,,,,,,,,,9.999999747378752e-05,9.999999747378752e-05,2.1550427220518031e-07,,,,,,,,,,,,
0,1249,,,,,,,,,,,,,,,,,,,9.999999747378752e-05,9.999999747378752e-05,2.1550427220518031e-07,,,,,,,,,,,,
0,1299,,,,,,,,,,,,,,,,,,,9.999999747378752e-05,9.999999747378752e-05,2.1550427220518031e-07,,,,,,,,,,,,
0,1349,,,,,,,,,,,,,,,,,,,9.999999747378752e-05,9.999999747378752e-05,2.1550427220518031e-07,,,,,,,,,,,,
0,1399,,,,,,,,,,,,,,,,,,,9.999999747378752e-05,9.999999747378752e-05,2.1550427220518031e-07,,,,,,,,,,,,
0,1449,,,,,,,,,,,,,,,,,,,9.999999747378752e-05,9.999999747378752e-05,2.1550427220518031e-07,,,,,,,,,,,,
0,1499,,,,,,,,,,,,,,,,,,,9.999999747378752e-05,9.999999747378752e-05,2.1550427220518031e-07,,,,,,,,,,,,
0,1549,,,,,,,,,,,,,,,,,,,9.999999747378752e-05,9.999999747378752e-05,2.1550427220518031e-07,,,,,,,,,,,,
0,1599,,,,,,,,,,,,,,,,,,,9.999999747378752e-05,9.999999747378752e-05,2.1550427220518031e-07,,,,,,,,,,,,
0,1649,,,,,,,,,,,,,,,,,,,9.999999747378752e-05,9.999999747378752e-05,2.1550427220518031e-07,,,,,,,,,,,,
0,1699,,,,,,,,,,,,,,,,,,,9.999999747378752e-05,9.999999747378752e-05,2.1550427220518031e-07,,,,,,,,,,,,
0,1749,,,,,,,,,,,,,,,,,,,9.999999747378752e-05,9.999999747378752e-05,2.1550427220518031e-07,,,,,,,,,,,,
0,1799,,,,,,,,,,,,,,,,,,,9.999999747378752e-05,9.999999747378752e-05,2.1550427220518031e-07,,,,,,,,,,,,
0,1849,,,,,,,,,,,,,,,,,,,9.999999747378752e-05,9.999999747378752e-05,2.1550427220518031e-07,,,,,,,,,,,,
0,1899,,,,,,,,,,,,,,,,,,,9.999999747378752e-05,9.999999747378752e-05,2.1550427220518031e-07,,,,,,,,,,,,
0,1949,,,,,,,,,,,,,,,,,,,9.999999747378752e-05,9.999999747378752e-05,2.1550427220518031e-07,,,,,,,,,,,,
0,1999,,,,,,,,,,,,,,,,,,,9.999999747378752e-05,9.999999747378752e-05,2.1550427220518031e-07,,,,,,,,,,,,
0,2044,,,,,,,,,,,,,,,,,,,,,,0.7054932713508606,0.9523139595985413,0.9529159069061279,0.7436456680297852,0.7879093885421753,3.5149378776550293,0.9472758173942566,0.7054932713508606,0.8035658001899719,0.7533569931983948,0.9825834631919861,0.9238536953926086
0,2044,531.0906982421875,474.4886169433594,288.0672302246094,800.7045288085938,2.5636322498321533,2.909656524658203,0.01007959432899952,0.010455703362822533,0.010148289613425732,0.014744873158633709,0.36981338262557983,0.4030035734176636,0.37229445576667786,0.443147748708725,0.12790663540363312,0.1327970325946808,0.1296159327030182,0.15680792927742004,,,,,,,,,,,,,,,
1,2049,,,,,,,,,,,,,,,,,,,9.999999747378752e-05,9.999999747378752e-05,2.1550427220518031e-07,,,,,,,,,,,,
1,2099,,,,,,,,,,,,,,,,,,,9.999999747378752e-05,9.999999747378752e-05,2.1550427220518031e-07,,,,,,,,,,,,
1,2149,,,,,,,,,,,,,,,,,,,9.999999747378752e-05,9.999999747378752e-05,2.1550427220518031e-07,,,,,,,,,,,,
1,2199,,,,,,,,,,,,,,,,,,,9.999999747378752e-05,9.999999747378752e-05,2.1550427220518031e-07,,,,,,,,,,,,
1,2249,,,,,,,,,,,,,,,,,,,9.999999747378752e-05,9.999999747378752e-05,2.1550427220518031e-07,,,,,,,,,,,,
1,2299,,,,,,,,,,,,,,,,,,,9.999999747378752e-05,9.999999747378752e-05,2.1550427220518031e-07,,,,,,,,,,,,
1,2349,,,,,,,,,,,,,,,,,,,9.999999747378752e-05,9.999999747378752e-05,2.1550427220518031e-07,,,,,,,,,,,,
1,2399,,,,,,,,,,,,,,,,,,,9.999999747378752e-05,9.999999747378752e-05,2.1550427220518031e-07,,,,,,,,,,,,
1,2449,,,,,,,,,,,,,,,,,,,9.999999747378752e-05,9.999999747378752e-05,2.1550427220518031e-07,,,,,,,,,,,,
1,2499,,,,,,,,,,,,,,,,,,,9.999999747378752e-05,9.999999747378752e-05,2.1550427220518031e-07,,,,,,,,,,,,
1,2549,,,,,,,,,,,,,,,,,,,9.999999747378752e-05,9.999999747378752e-05,2.1550427220518031e-07,,,,,,,,,,,,
1,2599,,,,,,,,,,,,,,,,,,,9.999999747378752e-05,9.999999747378752e-05,2.1550427220518031e-07,,,,,,,,,,,,
1,2649,,,,,,,,,,,,,,,,,,,9.999999747378752e-05,9.999999747378752e-05,2.1550427220518031e-07,,,,,,,,,,,,
1,2699,,,,,,,,,,,,,,,,,,,9.999999747378752e-05,9.999999747378752e-05,2.1550427220518031e-07,,,,,,,,,,,,
1,2749,,,,,,,,,,,,,,,,,,,9.999999747378752e-05,9.999999747378752e-05,2.1550427220518031e-07,,,,,,,,,,,,
1,2799,,,,,,,,,,,,,,,,,,,9.999999747378752e-05,9.999999747378752e-05,2.1550427220518031e-07,,,,,,,,,,,,
1,2849,,,,,,,,,,,,,,,,,,,9.999999747378752e-05,9.999999747378752e-05,2.1550427220518031e-07,,,,,,,,,,,,
1,2899,,,,,,,,,,,,,,,,,,,9.999999747378752e-05,9.999999747378752e-05,2.1550427220518031e-07,,,,,,,,,,,,
1,2949,,,,,,,,,,,,,,,,,,,9.999999747378752e-05,9.999999747378752e-05,2.1550427220518031e-07,,,,,,,,,,,,
1,2999,,,,,,,,,,,,,,,,,,,9.999999747378752e-05,9.999999747378752e-05,2.1550427220518031e-07,,,,,,,,,,,,
1,3049,,,,,,,,,,,,,,,,,,,9.999999747378752e-05,9.999999747378752e-05,2.1550427220518031e-07,,,,,,,,,,,,
1,3099,,,,,,,,,,,,,,,,,,,9.999999747378752e-05,9.999999747378752e-05,2.1550427220518031e-07,,,,,,,,,,,,
1,3149,,,,,,,,,,,,,,,,,,,9.999999747378752e-05,9.999999747378752e-05,2.1550427220518031e-07,,,,,,,,,,,,
1,3199,,,,,,,,,,,,,,,,,,,9.999999747378752e-05,9.999999747378752e-05,2.1550427220518031e-07,,,,,,,,,,,,
1,3249,,,,,,,,,,,,,,,,,,,9.999999747378752e-05,9.999999747378752e-05,2.1550427220518031e-07,,,,,,,,,,,,
1,3299,,,,,,,,,,,,,,,,,,,9.999999747378752e-05,9.999999747378752e-05,2.1550427220518031e-07,,,,,,,,,,,,
1,3349,,,,,,,,,,,,,,,,,,,9.999999747378752e-05,9.999999747378752e-05,2.1550427220518031e-07,,,,,,,,,,,,
1,3399,,,,,,,,,,,,,,,,,,,9.999999747378752e-05,9.999999747378752e-05,2.1550427220518031e-07,,,,,,,,,,,,
1,3449,,,,,,,,,,,,,,,,,,,9.999999747378752e-05,9.999999747378752e-05,2.1550427220518031e-07,,,,,,,,,,,,
1,3499,,,,,,,,,,,,,,,,,,,9.999999747378752e-05,9.999999747378752e-05,2.1550427220518031e-07,,,,,,,,,,,,
1,3549,,,,,,,,,,,,,,,,,,,9.999999747378752e-05,9.999999747378752e-05,2.1550427220518031e-07,,,,,,,,,,,,
1,3599,,,,,,,,,,,,,,,,,,,9.999999747378752e-05,9.999999747378752e-05,2.1550427220518031e-07,,,,,,,,,,,,
1,3649,,,,,,,,,,,,,,,,,,,9.999999747378752e-05,9.999999747378752e-05,2.1550427220518031e-07,,,,,,,,,,,,
1,3699,,,,,,,,,,,,,,,,,,,9.999999747378752e-05,9.999999747378752e-05,2.1550427220518031e-07,,,,,,,,,,,,
1,3749,,,,,,,,,,,,,,,,,,,9.999999747378752e-05,9.999999747378752e-05,2.1550427220518031e-07,,,,,,,,,,,,
1,3799,,,,,,,,,,,,,,,,,,,9.999999747378752e-05,9.999999747378752e-05,2.1550427220518031e-07,,,,,,,,,,,,
1,3849,,,,,,,,,,,,,,,,,,,9.999999747378752e-05,9.999999747378752e-05,2.1550427220518031e-07,,,,,,,,,,,,
1,3899,,,,,,,,,,,,,,,,,,,9.999999747378752e-05,9.999999747378752e-05,2.1550427220518031e-07,,,,,,,,,,,,
1,3949,,,,,,,,,,,,,,,,,,,9.999999747378752e-05,9.999999747378752e-05,2.1550427220518031e-07,,,,,,,,,,,,
1,3999,,,,,,,,,,,,,,,,,,,9.999999747378752e-05,9.999999747378752e-05,2.1550427220518031e-07,,,,,,,,,,,,
1,4049,,,,,,,,,,,,,,,,,,,9.999999747378752e-05,9.999999747378752e-05,2.1550427220518031e-07,,,,,,,,,,,,
1,4089,,,,,,,,,,,,,,,,,,,,,,0.7527180910110474,0.9553835391998291,0.9491376280784607,0.7610365748405457,0.8053766489028931,3.120746612548828,0.9494015574455261,0.7527180910110474,0.8406364917755127,0.7925218343734741,0.9863411784172058,0.9263100624084473
1,4089,1069.1551513671875,843.1353149414062,657.58544921875,1639.9149169921875,2.5550122261047363,2.34336519241333,0.007233558222651482,0.0074080186896026134,0.00727559719234705,0.011573600582778454,0.3029530346393585,0.3196670114994049,0.304762601852417,0.3727972209453583,0.10110557824373245,0.1044432744383812,0.1020623967051506,0.13025271892547607,,,,,,,,,,,,,,,
2,4099,,,,,,,,,,,,,,,,,,,9.999999747378752e-05,9.999999747378752e-05,2.1550427220518031e-07,,,,,,,,,,,,
2,4149,,,,,,,,,,,,,,,,,,,9.999999747378752e-05,9.999999747378752e-05,2.1550427220518031e-07,,,,,,,,,,,,
2,4199,,,,,,,,,,,,,,,,,,,9.999999747378752e-05,9.999999747378752e-05,2.1550427220518031e-07,,,,,,,,,,,,
2,4249,,,,,,,,,,,,,,,,,,,9.999999747378752e-05,9.999999747378752e-05,2.1550427220518031e-07,,,,,,,,,,,,
2,4299,,,,,,,,,,,,,,,,,,,9.999999747378752e-05,9.999999747378752e-05,2.1550427220518031e-07,,,,,,,,,,,,
2,4349,,,,,,,,,,,,,,,,,,,9.999999747378752e-05,9.999999747378752e-05,2.1550427220518031e-07,,,,,,,,,,,,
2,4399,,,,,,,,,,,,,,,,,,,9.999999747378752e-05,9.999999747378752e-05,2.1550427220518031e-07,,,,,,,,,,,,
2,4449,,,,,,,,,,,,,,,,,,,9.999999747378752e-05,9.999999747378752e-05,2.1550427220518031e-07,,,,,,,,,,,,
2,4499,,,,,,,,,,,,,,,,,,,9.999999747378752e-05,9.999999747378752e-05,2.1550427220518031e-07,,,,,,,,,,,,
2,4549,,,,,,,,,,,,,,,,,,,9.999999747378752e-05,9.999999747378752e-05,2.1550427220518031e-07,,,,,,,,,,,,
2,4599,,,,,,,,,,,,,,,,,,,9.999999747378752e-05,9.999999747378752e-05,2.1550427220518031e-07,,,,,,,,,,,,
2,4649,,,,,,,,,,,,,,,,,,,9.999999747378752e-05,9.999999747378752e-05,2.1550427220518031e-07,,,,,,,,,,,,
2,4699,,,,,,,,,,,,,,,,,,,9.999999747378752e-05,9.999999747378752e-05,2.1550427220518031e-07,,,,,,,,,,,,
2,4749,,,,,,,,,,,,,,,,,,,9.999999747378752e-05,9.999999747378752e-05,2.1550427220518031e-07,,,,,,,,,,,,
2,4799,,,,,,,,,,,,,,,,,,,9.999999747378752e-05,9.999999747378752e-05,2.1550427220518031e-07,,,,,,,,,,,,
2,4849,,,,,,,,,,,,,,,,,,,9.999999747378752e-05,9.999999747378752e-05,2.1550427220518031e-07,,,,,,,,,,,,
2,4899,,,,,,,,,,,,,,,,,,,9.999999747378752e-05,9.999999747378752e-05,2.1550427220518031e-07,,,,,,,,,,,,
2,4949,,,,,,,,,,,,,,,,,,,9.999999747378752e-05,9.999999747378752e-05,2.1550427220518031e-07,,,,,,,,,,,,
2,4999,,,,,,,,,,,,,,,,,,,9.999999747378752e-05,9.999999747378752e-05,2.1550427220518031e-07,,,,,,,,,,,,
2,5049,,,,,,,,,,,,,,,,,,,9.999999747378752e-05,9.999999747378752e-05,2.1550427220518031e-07,,,,,,,,,,,,
2,5099,,,,,,,,,,,,,,,,,,,9.999999747378752e-05,9.999999747378752e-05,2.1550427220518031e-07,,,,,,,,,,,,
2,5149,,,,,,,,,,,,,,,,,,,9.999999747378752e-05,9.999999747378752e-05,2.1550427220518031e-07,,,,,,,,,,,,
2,5199,,,,,,,,,,,,,,,,,,,9.999999747378752e-05,9.999999747378752e-05,2.1550427220518031e-07,,,,,,,,,,,,
2,5249,,,,,,,,,,,,,,,,,,,9.999999747378752e-05,9.999999747378752e-05,2.1550427220518031e-07,,,,,,,,,,,,
2,5299,,,,,,,,,,,,,,,,,,,9.999999747378752e-05,9.999999747378752e-05,2.1550427220518031e-07,,,,,,,,,,,,
2,5349,,,,,,,,,,,,,,,,,,,9.999999747378752e-05,9.999999747378752e-05,2.1550427220518031e-07,,,,,,,,,,,,
2,5399,,,,,,,,,,,,,,,,,,,9.999999747378752e-05,9.999999747378752e-05,2.1550427220518031e-07,,,,,,,,,,,,
2,5449,,,,,,,,,,,,,,,,,,,9.999999747378752e-05,9.999999747378752e-05,2.1550427220518031e-07,,,,,,,,,,,,
2,5499,,,,,,,,,,,,,,,,,,,9.999999747378752e-05,9.999999747378752e-05,2.1550427220518031e-07,,,,,,,,,,,,
2,5549,,,,,,,,,,,,,,,,,,,9.999999747378752e-05,9.999999747378752e-05,2.1550427220518031e-07,,,,,,,,,,,,
2,5599,,,,,,,,,,,,,,,,,,,9.999999747378752e-05,9.999999747378752e-05,2.1550427220518031e-07,,,,,,,,,,,,
2,5649,,,,,,,,,,,,,,,,,,,9.999999747378752e-05,9.999999747378752e-05,2.1550427220518031e-07,,,,,,,,,,,,
2,5699,,,,,,,,,,,,,,,,,,,9.999999747378752e-05,9.999999747378752e-05,2.1550427220518031e-07,,,,,,,,,,,,
2,5749,,,,,,,,,,,,,,,,,,,9.999999747378752e-05,9.999999747378752e-05,2.1550427220518031e-07,,,,,,,,,,,,
2,5799,,,,,,,,,,,,,,,,,,,9.999999747378752e-05,9.999999747378752e-05,2.1550427220518031e-07,,,,,,,,,,,,
2,5849,,,,,,,,,,,,,,,,,,,9.999999747378752e-05,9.999999747378752e-05,2.1550427220518031e-07,,,,,,,,,,,,
2,5899,,,,,,,,,,,,,,,,,,,9.999999747378752e-05,9.999999747378752e-05,2.1550427220518031e-07,,,,,,,,,,,,
2,5949,,,,,,,,,,,,,,,,,,,9.999999747378752e-05,9.999999747378752e-05,2.1550427220518031e-07,,,,,,,,,,,,
2,5999,,,,,,,,,,,,,,,,,,,9.999999747378752e-05,9.999999747378752e-05,2.1550427220518031e-07,,,,,,,,,,,,
2,6049,,,,,,,,,,,,,,,,,,,9.999999747378752e-05,9.999999747378752e-05,2.1550427220518031e-07,,,,,,,,,,,,
2,6099,,,,,,,,,,,,,,,,,,,9.999999747378752e-05,9.999999747378752e-05,2.1550427220518031e-07,,,,,,,,,,,,
2,6134,,,,,,,,,,,,,,,,,,,,,,0.7597103714942932,0.9563620686531067,0.9504998922348022,0.76027512550354,0.8007642030715942,2.91070556640625,0.9477407336235046,0.7597103714942932,0.8495296835899353,0.801091730594635,0.9909276962280273,0.9241266250610352
2,6134,1597.45751953125,1551.263671875,1265.536865234375,1964.6484375,2.5550122261047363,2.1215364933013916,0.0063256993889808655,0.006412352900952101,0.00634522782638669,0.010301603935658932,0.2761368751525879,0.29042118787765503,0.2775232493877411,0.34382256865501404,0.0906859040260315,0.09341482818126678,0.0915156900882721,0.11773642152547836,,,,,,,,,,,,,,,
3,6149,,,,,,,,,,,,,,,,,,,9.999999747378752e-05,9.999999747378752e-05,2.1550427220518031e-07,,,,,,,,,,,,
3,6199,,,,,,,,,,,,,,,,,,,9.999999747378752e-05,9.999999747378752e-05,2.1550427220518031e-07,,,,,,,,,,,,
3,6249,,,,,,,,,,,,,,,,,,,9.999999747378752e-05,9.999999747378752e-05,2.1550427220518031e-07,,,,,,,,,,,,
3,6299,,,,,,,,,,,,,,,,,,,9.999999747378752e-05,9.999999747378752e-05,2.1550427220518031e-07,,,,,,,,,,,,
3,6349,,,,,,,,,,,,,,,,,,,9.999999747378752e-05,9.999999747378752e-05,2.1550427220518031e-07,,,,,,,,,,,,
3,6399,,,,,,,,,,,,,,,,,,,9.999999747378752e-05,9.999999747378752e-05,2.1550427220518031e-07,,,,,,,,,,,,
3,6449,,,,,,,,,,,,,,,,,,,9.999999747378752e-05,9.999999747378752e-05,2.1550427220518031e-07,,,,,,,,,,,,
3,6499,,,,,,,,,,,,,,,,,,,9.999999747378752e-05,9.999999747378752e-05,2.1550427220518031e-07,,,,,,,,,,,,
3,6549,,,,,,,,,,,,,,,,,,,9.999999747378752e-05,9.999999747378752e-05,2.1550427220518031e-07,,,,,,,,,,,,
3,6599,,,,,,,,,,,,,,,,,,,9.999999747378752e-05,9.999999747378752e-05,2.1550427220518031e-07,,,,,,,,,,,,
3,6649,,,,,,,,,,,,,,,,,,,9.999999747378752e-05,9.999999747378752e-05,2.1550427220518031e-07,,,,,,,,,,,,
3,6699,,,,,,,,,,,,,,,,,,,9.999999747378752e-05,9.999999747378752e-05,2.1550427220518031e-07,,,,,,,,,,,,
3,6749,,,,,,,,,,,,,,,,,,,9.999999747378752e-05,9.999999747378752e-05,2.1550427220518031e-07,,,,,,,,,,,,
3,6799,,,,,,,,,,,,,,,,,,,9.999999747378752e-05,9.999999747378752e-05,2.1550427220518031e-07,,,,,,,,,,,,
3,6849,,,,,,,,,,,,,,,,,,,9.999999747378752e-05,9.999999747378752e-05,2.1550427220518031e-07,,,,,,,,,,,,
3,6899,,,,,,,,,,,,,,,,,,,9.999999747378752e-05,9.999999747378752e-05,2.1550427220518031e-07,,,,,,,,,,,,
3,6949,,,,,,,,,,,,,,,,,,,9.999999747378752e-05,9.999999747378752e-05,2.1550427220518031e-07,,,,,,,,,,,,
3,6999,,,,,,,,,,,,,,,,,,,9.999999747378752e-05,9.999999747378752e-05,2.1550427220518031e-07,,,,,,,,,,,,
3,7049,,,,,,,,,,,,,,,,,,,9.999999747378752e-05,9.999999747378752e-05,2.1550427220518031e-07,,,,,,,,,,,,
3,7099,,,,,,,,,,,,,,,,,,,9.999999747378752e-05,9.999999747378752e-05,2.1550427220518031e-07,,,,,,,,,,,,
3,7149,,,,,,,,,,,,,,,,,,,9.999999747378752e-05,9.999999747378752e-05,2.1550427220518031e-07,,,,,,,,,,,,
3,7199,,,,,,,,,,,,,,,,,,,9.999999747378752e-05,9.999999747378752e-05,2.1550427220518031e-07,,,,,,,,,,,,
3,7249,,,,,,,,,,,,,,,,,,,9.999999747378752e-05,9.999999747378752e-05,2.1550427220518031e-07,,,,,,,,,,,,
3,7299,,,,,,,,,,,,,,,,,,,9.999999747378752e-05,9.999999747378752e-05,2.1550427220518031e-07,,,,,,,,,,,,
3,7349,,,,,,,,,,,,,,,,,,,9.999999747378752e-05,9.999999747378752e-05,2.1550427220518031e-07,,,,,,,,,,,,
3,7399,,,,,,,,,,,,,,,,,,,9.999999747378752e-05,9.999999747378752e-05,2.1550427220518031e-07,,,,,,,,,,,,
3,7449,,,,,,,,,,,,,,,,,,,9.999999747378752e-05,9.999999747378752e-05,2.1550427220518031e-07,,,,,,,,,,,,
3,7499,,,,,,,,,,,,,,,,,,,9.999999747378752e-05,9.999999747378752e-05,2.1550427220518031e-07,,,,,,,,,,,,
3,7549,,,,,,,,,,,,,,,,,,,9.999999747378752e-05,9.999999747378752e-05,2.1550427220518031e-07,,,,,,,,,,,,
3,7599,,,,,,,,,,,,,,,,,,,9.999999747378752e-05,9.999999747378752e-05,2.1550427220518031e-07,,,,,,,,,,,,
3,7649,,,,,,,,,,,,,,,,,,,9.999999747378752e-05,9.999999747378752e-05,2.1550427220518031e-07,,,,,,,,,,,,
3,7699,,,,,,,,,,,,,,,,,,,9.999999747378752e-05,9.999999747378752e-05,2.1550427220518031e-07,,,,,,,,,,,,
3,7749,,,,,,,,,,,,,,,,,,,9.999999747378752e-05,9.999999747378752e-05,2.1550427220518031e-07,,,,,,,,,,,,
3,7799,,,,,,,,,,,,,,,,,,,9.999999747378752e-05,9.999999747378752e-05,2.1550427220518031e-07,,,,,,,,,,,,
3,7849,,,,,,,,,,,,,,,,,,,9.999999747378752e-05,9.999999747378752e-05,2.1550427220518031e-07,,,,,,,,,,,,
3,7899,,,,,,,,,,,,,,,,,,,9.999999747378752e-05,9.999999747378752e-05,2.1550427220518031e-07,,,,,,,,,,,,
3,7949,,,,,,,,,,,,,,,,,,,9.999999747378752e-05,9.999999747378752e-05,2.1550427220518031e-07,,,,,,,,,,,,
3,7999,,,,,,,,,,,,,,,,,,,9.999999747378752e-05,9.999999747378752e-05,2.1550427220518031e-07,,,,,,,,,,,,
3,8049,,,,,,,,,,,,,,,,,,,9.999999747378752e-05,9.999999747378752e-05,2.1550427220518031e-07,,,,,,,,,,,,
3,8099,,,,,,,,,,,,,,,,,,,9.999999747378752e-05,9.999999747378752e-05,2.1550427220518031e-07,,,,,,,,,,,,
3,8149,,,,,,,,,,,,,,,,,,,9.999999747378752e-05,9.999999747378752e-05,2.1550427220518031e-07,,,,,,,,,,,,
3,8179,,,,,,,,,,,,,,,,,,,,,,0.7613030672073364,0.9541284441947937,0.9450902938842773,0.7638217210769653,0.8049672245979309,3.0291953086853027,0.9454359412193298,0.7613030672073364,0.8473885655403137,0.7983078360557556,0.9880151748657227,0.9224891066551208
3,8179,1243.0015869140625,1528.8984375,1128.6807861328125,2077.359375,2.5550122261047363,2.0546276569366455,0.005969473160803318,0.00607316754758358,0.005979536566883326,0.00997378770262003,0.26933765411376953,0.2828371524810791,0.2707569897174835,0.3380698263645172,0.08646034449338913,0.08900123089551926,0.0872025266289711,0.11416002362966537,,,,,,,,,,,,,,,
4,8199,,,,,,,,,,,,,,,,,,,9.999999747378752e-05,9.999999747378752e-05,2.1550427220518031e-07,,,,,,,,,,,,
4,8249,,,,,,,,,,,,,,,,,,,9.999999747378752e-05,9.999999747378752e-05,2.1550427220518031e-07,,,,,,,,,,,,
4,8299,,,,,,,,,,,,,,,,,,,9.999999747378752e-05,9.999999747378752e-05,2.1550427220518031e-07,,,,,,,,,,,,
4,8349,,,,,,,,,,,,,,,,,,,9.999999747378752e-05,9.999999747378752e-05,2.1550427220518031e-07,,,,,,,,,,,,
4,8399,,,,,,,,,,,,,,,,,,,9.999999747378752e-05,9.999999747378752e-05,2.1550427220518031e-07,,,,,,,,,,,,
4,8449,,,,,,,,,,,,,,,,,,,9.999999747378752e-05,9.999999747378752e-05,2.1550427220518031e-07,,,,,,,,,,,,
4,8499,,,,,,,,,,,,,,,,,,,9.999999747378752e-05,9.999999747378752e-05,2.1550427220518031e-07,,,,,,,,,,,,
4,8549,,,,,,,,,,,,,,,,,,,9.999999747378752e-05,9.999999747378752e-05,2.1550427220518031e-07,,,,,,,,,,,,
4,8599,,,,,,,,,,,,,,,,,,,9.999999747378752e-05,9.999999747378752e-05,2.1550427220518031e-07,,,,,,,,,,,,
4,8649,,,,,,,,,,,,,,,,,,,9.999999747378752e-05,9.999999747378752e-05,2.1550427220518031e-07,,,,,,,,,,,,
4,8699,,,,,,,,,,,,,,,,,,,9.999999747378752e-05,9.999999747378752e-05,2.1550427220518031e-07,,,,,,,,,,,,
4,8749,,,,,,,,,,,,,,,,,,,9.999999747378752e-05,9.999999747378752e-05,2.1550427220518031e-07,,,,,,,,,,,,
4,8799,,,,,,,,,,,,,,,,,,,9.999999747378752e-05,9.999999747378752e-05,2.1550427220518031e-07,,,,,,,,,,,,
4,8849,,,,,,,,,,,,,,,,,,,9.999999747378752e-05,9.999999747378752e-05,2.1550427220518031e-07,,,,,,,,,,,,
4,8899,,,,,,,,,,,,,,,,,,,9.999999747378752e-05,9.999999747378752e-05,2.1550427220518031e-07,,,,,,,,,,,,
4,8949,,,,,,,,,,,,,,,,,,,9.999999747378752e-05,9.999999747378752e-05,2.1550427220518031e-07,,,,,,,,,,,,
4,8999,,,,,,,,,,,,,,,,,,,9.999999747378752e-05,9.999999747378752e-05,2.1550427220518031e-07,,,,,,,,,,,,
4,9049,,,,,,,,,,,,,,,,,,,9.999999747378752e-05,9.999999747378752e-05,2.1550427220518031e-07,,,,,,,,,,,,
4,9099,,,,,,,,,,,,,,,,,,,9.999999747378752e-05,9.999999747378752e-05,2.1550427220518031e-07,,,,,,,,,,,,
4,9149,,,,,,,,,,,,,,,,,,,9.999999747378752e-05,9.999999747378752e-05,2.1550427220518031e-07,,,,,,,,,,,,
4,9199,,,,,,,,,,,,,,,,,,,9.999999747378752e-05,9.999999747378752e-05,2.1550427220518031e-07,,,,,,,,,,,,
4,9249,,,,,,,,,,,,,,,,,,,9.999999747378752e-05,9.999999747378752e-05,2.1550427220518031e-07,,,,,,,,,,,,
4,9299,,,,,,,,,,,,,,,,,,,9.999999747378752e-05,9.999999747378752e-05,2.1550427220518031e-07,,,,,,,,,,,,
4,9349,,,,,,,,,,,,,,,,,,,9.999999747378752e-05,9.999999747378752e-05,2.1550427220518031e-07,,,,,,,,,,,,
4,9399,,,,,,,,,,,,,,,,,,,9.999999747378752e-05,9.999999747378752e-05,2.1550427220518031e-07,,,,,,,,,,,,
4,9449,,,,,,,,,,,,,,,,,,,9.999999747378752e-05,9.999999747378752e-05,2.1550427220518031e-07,,,,,,,,,,,,
4,9499,,,,,,,,,,,,,,,,,,,9.999999747378752e-05,9.999999747378752e-05,2.1550427220518031e-07,,,,,,,,,,,,
4,9549,,,,,,,,,,,,,,,,,,,9.999999747378752e-05,9.999999747378752e-05,2.1550427220518031e-07,,,,,,,,,,,,
4,9599,,,,,,,,,,,,,,,,,,,9.999999747378752e-05,9.999999747378752e-05,2.1550427220518031e-07,,,,,,,,,,,,
4,9649,,,,,,,,,,,,,,,,,,,9.999999747378752e-05,9.999999747378752e-05,2.1550427220518031e-07,,,,,,,,,,,,
4,9699,,,,,,,,,,,,,,,,,,,9.999999747378752e-05,9.999999747378752e-05,2.1550427220518031e-07,,,,,,,,,,,,
4,9749,,,,,,,,,,,,,,,,,,,9.999999747378752e-05,9.999999747378752e-05,2.1550427220518031e-07,,,,,,,,,,,,
4,9799,,,,,,,,,,,,,,,,,,,9.999999747378752e-05,9.999999747378752e-05,2.1550427220518031e-07,,,,,,,,,,,,
4,9849,,,,,,,,,,,,,,,,,,,9.999999747378752e-05,9.999999747378752e-05,2.1550427220518031e-07,,,,,,,,,,,,
4,9899,,,,,,,,,,,,,,,,,,,9.999999747378752e-05,9.999999747378752e-05,2.1550427220518031e-07,,,,,,,,,,,,
4,9949,,,,,,,,,,,,,,,,,,,9.999999747378752e-05,9.999999747378752e-05,2.1550427220518031e-07,,,,,,,,,,,,
4,9999,,,,,,,,,,,,,,,,,,,9.999999747378752e-05,9.999999747378752e-05,2.1550427220518031e-07,,,,,,,,,,,,
4,10049,,,,,,,,,,,,,,,,,,,9.999999747378752e-05,9.999999747378752e-05,2.1550427220518031e-07,,,,,,,,,,,,
4,10099,,,,,,,,,,,,,,,,,,,9.999999747378752e-05,9.999999747378752e-05,2.1550427220518031e-07,,,,,,,,,,,,
4,10149,,,,,,,,,,,,,,,,,,,9.999999747378752e-05,9.999999747378752e-05,2.1550427220518031e-07,,,,,,,,,,,,
4,10199,,,,,,,,,,,,,,,,,,,9.999999747378752e-05,9.999999747378752e-05,2.1550427220518031e-07,,,,,,,,,,,,
4,10224,,,,,,,,,,,,,,,,,,,,,,0.7412525415420532,0.9548532962799072,0.9425365328788757,0.7580609917640686,0.8066866993904114,3.210698366165161,0.939568042755127,0.7412525415420532,0.8236452341079712,0.7926310300827026,0.9883177280426025,0.9235807657241821
4,10224,613.4641723632812,1831.585205078125,742.65185546875,2273.2734375,2.5550122261047363,1.952202320098877,0.00547696091234684,0.005618551280349493,0.005480700638145208,0.009627580642700195,0.25444087386131287,0.27035319805145264,0.25606584548950195,0.3301962912082672,0.08057098835706711,0.083457812666893,0.08122169971466064,0.10981366038322449,,,,,,,,,,,,,,,
5,10249,,,,,,,,,,,,,,,,,,,9.999999747378752e-05,9.999999747378752e-05,2.1550427220518031e-07,,,,,,,,,,,,
5,10299,,,,,,,,,,,,,,,,,,,9.999999747378752e-05,9.999999747378752e-05,2.1550427220518031e-07,,,,,,,,,,,,
5,10349,,,,,,,,,,,,,,,,,,,9.999999747378752e-05,9.999999747378752e-05,2.1550427220518031e-07,,,,,,,,,,,,
5,10399,,,,,,,,,,,,,,,,,,,9.999999747378752e-05,9.999999747378752e-05,2.1550427220518031e-07,,,,,,,,,,,,
5,10449,,,,,,,,,,,,,,,,,,,9.999999747378752e-05,9.999999747378752e-05,2.1550427220518031e-07,,,,,,,,,,,,
5,10499,,,,,,,,,,,,,,,,,,,9.999999747378752e-05,9.999999747378752e-05,2.1550427220518031e-07,,,,,,,,,,,,
5,10549,,,,,,,,,,,,,,,,,,,9.999999747378752e-05,9.999999747378752e-05,2.1550427220518031e-07,,,,,,,,,,,,
5,10599,,,,,,,,,,,,,,,,,,,9.999999747378752e-05,9.999999747378752e-05,2.1550427220518031e-07,,,,,,,,,,,,
5,10649,,,,,,,,,,,,,,,,,,,9.999999747378752e-05,9.999999747378752e-05,2.1550427220518031e-07,,,,,,,,,,,,
5,10699,,,,,,,,,,,,,,,,,,,9.999999747378752e-05,9.999999747378752e-05,2.1550427220518031e-07,,,,,,,,,,,,
5,10749,,,,,,,,,,,,,,,,,,,9.999999747378752e-05,9.999999747378752e-05,2.1550427220518031e-07,,,,,,,,,,,,
5,10799,,,,,,,,,,,,,,,,,,,9.999999747378752e-05,9.999999747378752e-05,2.1550427220518031e-07,,,,,,,,,,,,
5,10849,,,,,,,,,,,,,,,,,,,9.999999747378752e-05,9.999999747378752e-05,2.1550427220518031e-07,,,,,,,,,,,,
5,10899,,,,,,,,,,,,,,,,,,,9.999999747378752e-05,9.999999747378752e-05,2.1550427220518031e-07,,,,,,,,,,,,
5,10949,,,,,,,,,,,,,,,,,,,9.999999747378752e-05,9.999999747378752e-05,2.1550427220518031e-07,,,,,,,,,,,,
5,10999,,,,,,,,,,,,,,,,,,,9.999999747378752e-05,9.999999747378752e-05,2.1550427220518031e-07,,,,,,,,,,,,
5,11049,,,,,,,,,,,,,,,,,,,9.999999747378752e-05,9.999999747378752e-05,2.1550427220518031e-07,,,,,,,,,,,,
5,11099,,,,,,,,,,,,,,,,,,,9.999999747378752e-05,9.999999747378752e-05,2.1550427220518031e-07,,,,,,,,,,,,
5,11149,,,,,,,,,,,,,,,,,,,9.999999747378752e-05,9.999999747378752e-05,2.1550427220518031e-07,,,,,,,,,,,,
5,11199,,,,,,,,,,,,,,,,,,,9.999999747378752e-05,9.999999747378752e-05,2.1550427220518031e-07,,,,,,,,,,,,
5,11249,,,,,,,,,,,,,,,,,,,9.999999747378752e-05,9.999999747378752e-05,2.1550427220518031e-07,,,,,,,,,,,,
5,11299,,,,,,,,,,,,,,,,,,,9.999999747378752e-05,9.999999747378752e-05,2.1550427220518031e-07,,,,,,,,,,,,
5,11349,,,,,,,,,,,,,,,,,,,9.999999747378752e-05,9.999999747378752e-05,2.1550427220518031e-07,,,,,,,,,,,,
5,11399,,,,,,,,,,,,,,,,,,,9.999999747378752e-05,9.999999747378752e-05,2.1550427220518031e-07,,,,,,,,,,,,
5,11449,,,,,,,,,,,,,,,,,,,9.999999747378752e-05,9.999999747378752e-05,2.1550427220518031e-07,,,,,,,,,,,,
5,11499,,,,,,,,,,,,,,,,,,,9.999999747378752e-05,9.999999747378752e-05,2.1550427220518031e-07,,,,,,,,,,,,
5,11549,,,,,,,,,,,,,,,,,,,9.999999747378752e-05,9.999999747378752e-05,2.1550427220518031e-07,,,,,,,,,,,,
5,11599,,,,,,,,,,,,,,,,,,,9.999999747378752e-05,9.999999747378752e-05,2.1550427220518031e-07,,,,,,,,,,,,
5,11649,,,,,,,,,,,,,,,,,,,9.999999747378752e-05,9.999999747378752e-05,2.1550427220518031e-07,,,,,,,,,,,,
5,11699,,,,,,,,,,,,,,,,,,,9.999999747378752e-05,9.999999747378752e-05,2.1550427220518031e-07,,,,,,,,,,,,
5,11749,,,,,,,,,,,,,,,,,,,9.999999747378752e-05,9.999999747378752e-05,2.1550427220518031e-07,,,,,,,,,,,,
5,11799,,,,,,,,,,,,,,,,,,,9.999999747378752e-05,9.999999747378752e-05,2.1550427220518031e-07,,,,,,,,,,,,
5,11849,,,,,,,,,,,,,,,,,,,9.999999747378752e-05,9.999999747378752e-05,2.1550427220518031e-07,,,,,,,,,,,,
5,11899,,,,,,,,,,,,,,,,,,,9.999999747378752e-05,9.999999747378752e-05,2.1550427220518031e-07,,,,,,,,,,,,
5,11949,,,,,,,,,,,,,,,,,,,9.999999747378752e-05,9.999999747378752e-05,2.1550427220518031e-07,,,,,,,,,,,,
5,11999,,,,,,,,,,,,,,,,,,,9.999999747378752e-05,9.999999747378752e-05,2.1550427220518031e-07,,,,,,,,,,,,
5,12049,,,,,,,,,,,,,,,,,,,9.999999747378752e-05,9.999999747378752e-05,2.1550427220518031e-07,,,,,,,,,,,,
5,12099,,,,,,,,,,,,,,,,,,,9.999999747378752e-05,9.999999747378752e-05,2.1550427220518031e-07,,,,,,,,,,,,
5,12149,,,,,,,,,,,,,,,,,,,9.999999747378752e-05,9.999999747378752e-05,2.1550427220518031e-07,,,,,,,,,,,,
5,12199,,,,,,,,,,,,,,,,,,,9.999999747378752e-05,9.999999747378752e-05,2.1550427220518031e-07,,,,,,,,,,,,
5,12249,,,,,,,,,,,,,,,,,,,9.999999747378752e-05,9.999999747378752e-05,2.1550427220518031e-07,,,,,,,,,,,,
5,12269,,,,,,,,,,,,,,,,,,,,,,0.7605137825012207,0.9542502164840698,0.9411225914955139,0.7660936117172241,0.8066594004631042,2.998795986175537,0.9426700472831726,0.7605137825012207,0.8541834950447083,0.8019923567771912,0.9885898232460022,0.9222161769866943
5,12269,1219.6766357421875,2157.4130859375,1758.41845703125,2451.1806640625,2.5550122261047363,1.8883278369903564,0.005267647095024586,0.0054038772359490395,0.005296050570905209,0.00930656585842371,0.2466265857219696,0.25982561707496643,0.24834519624710083,0.3217369616031647,0.07775109261274338,0.08033709228038788,0.07843463122844696,0.1061890721321106,,,,,,,,,,,,,,,
6,12299,,,,,,,,,,,,,,,,,,,9.999999747378752e-05,9.999999747378752e-05,2.1550427220518031e-07,,,,,,,,,,,,
6,12349,,,,,,,,,,,,,,,,,,,9.999999747378752e-05,9.999999747378752e-05,2.1550427220518031e-07,,,,,,,,,,,,
6,12399,,,,,,,,,,,,,,,,,,,9.999999747378752e-05,9.999999747378752e-05,2.1550427220518031e-07,,,,,,,,,,,,
6,12449,,,,,,,,,,,,,,,,,,,9.999999747378752e-05,9.999999747378752e-05,2.1550427220518031e-07,,,,,,,,,,,,
6,12499,,,,,,,,,,,,,,,,,,,9.999999747378752e-05,9.999999747378752e-05,2.1550427220518031e-07,,,,,,,,,,,,
6,12549,,,,,,,,,,,,,,,,,,,9.999999747378752e-05,9.999999747378752e-05,2.1550427220518031e-07,,,,,,,,,,,,
6,12599,,,,,,,,,,,,,,,,,,,9.999999747378752e-05,9.999999747378752e-05,2.1550427220518031e-07,,,,,,,,,,,,
6,12649,,,,,,,,,,,,,,,,,,,9.999999747378752e-05,9.999999747378752e-05,2.1550427220518031e-07,,,,,,,,,,,,
6,12699,,,,,,,,,,,,,,,,,,,9.999999747378752e-05,9.999999747378752e-05,2.1550427220518031e-07,,,,,,,,,,,,
6,12749,,,,,,,,,,,,,,,,,,,9.999999747378752e-05,9.999999747378752e-05,2.1550427220518031e-07,,,,,,,,,,,,
6,12799,,,,,,,,,,,,,,,,,,,9.999999747378752e-05,9.999999747378752e-05,2.1550427220518031e-07,,,,,,,,,,,,
6,12849,,,,,,,,,,,,,,,,,,,9.999999747378752e-05,9.999999747378752e-05,2.1550427220518031e-07,,,,,,,,,,,,
6,12899,,,,,,,,,,,,,,,,,,,9.999999747378752e-05,9.999999747378752e-05,2.1550427220518031e-07,,,,,,,,,,,,
6,12949,,,,,,,,,,,,,,,,,,,9.999999747378752e-05,9.999999747378752e-05,2.1550427220518031e-07,,,,,,,,,,,,
6,12999,,,,,,,,,,,,,,,,,,,9.999999747378752e-05,9.999999747378752e-05,2.1550427220518031e-07,,,,,,,,,,,,
6,13049,,,,,,,,,,,,,,,,,,,9.999999747378752e-05,9.999999747378752e-05,2.1550427220518031e-07,,,,,,,,,,,,
6,13099,,,,,,,,,,,,,,,,,,,9.999999747378752e-05,9.999999747378752e-05,2.1550427220518031e-07,,,,,,,,,,,,
6,13149,,,,,,,,,,,,,,,,,,,9.999999747378752e-05,9.999999747378752e-05,2.1550427220518031e-07,,,,,,,,,,,,
6,13199,,,,,,,,,,,,,,,,,,,9.999999747378752e-05,9.999999747378752e-05,2.1550427220518031e-07,,,,,,,,,,,,
6,13249,,,,,,,,,,,,,,,,,,,9.999999747378752e-05,9.999999747378752e-05,2.1550427220518031e-07,,,,,,,,,,,,
6,13299,,,,,,,,,,,,,,,,,,,9.999999747378752e-05,9.999999747378752e-05,2.1550427220518031e-07,,,,,,,,,,,,
6,13349,,,,,,,,,,,,,,,,,,,9.999999747378752e-05,9.999999747378752e-05,2.1550427220518031e-07,,,,,,,,,,,,
6,13399,,,,,,,,,,,,,,,,,,,9.999999747378752e-05,9.999999747378752e-05,2.1550427220518031e-07,,,,,,,,,,,,
6,13449,,,,,,,,,,,,,,,,,,,9.999999747378752e-05,9.999999747378752e-05,2.1550427220518031e-07,,,,,,,,,,,,
6,13499,,,,,,,,,,,,,,,,,,,9.999999747378752e-05,9.999999747378752e-05,2.1550427220518031e-07,,,,,,,,,,,,
6,13549,,,,,,,,,,,,,,,,,,,9.999999747378752e-05,9.999999747378752e-05,2.1550427220518031e-07,,,,,,,,,,,,
6,13599,,,,,,,,,,,,,,,,,,,9.999999747378752e-05,9.999999747378752e-05,2.1550427220518031e-07,,,,,,,,,,,,
6,13649,,,,,,,,,,,,,,,,,,,9.999999747378752e-05,9.999999747378752e-05,2.1550427220518031e-07,,,,,,,,,,,,
6,13699,,,,,,,,,,,,,,,,,,,9.999999747378752e-05,9.999999747378752e-05,2.1550427220518031e-07,,,,,,,,,,,,
6,13749,,,,,,,,,,,,,,,,,,,9.999999747378752e-05,9.999999747378752e-05,2.1550427220518031e-07,,,,,,,,,,,,
6,13799,,,,,,,,,,,,,,,,,,,9.999999747378752e-05,9.999999747378752e-05,2.1550427220518031e-07,,,,,,,,,,,,
6,13849,,,,,,,,,,,,,,,,,,,9.999999747378752e-05,9.999999747378752e-05,2.1550427220518031e-07,,,,,,,,,,,,
6,13899,,,,,,,,,,,,,,,,,,,9.999999747378752e-05,9.999999747378752e-05,2.1550427220518031e-07,,,,,,,,,,,,
6,13949,,,,,,,,,,,,,,,,,,,9.999999747378752e-05,9.999999747378752e-05,2.1550427220518031e-07,,,,,,,,,,,,
6,13999,,,,,,,,,,,,,,,,,,,9.999999747378752e-05,9.999999747378752e-05,2.1550427220518031e-07,,,,,,,,,,,,
6,14049,,,,,,,,,,,,,,,,,,,9.999999747378752e-05,9.999999747378752e-05,2.1550427220518031e-07,,,,,,,,,,,,
6,14099,,,,,,,,,,,,,,,,,,,9.999999747378752e-05,9.999999747378752e-05,2.1550427220518031e-07,,,,,,,,,,,,
6,14149,,,,,,,,,,,,,,,,,,,9.999999747378752e-05,9.999999747378752e-05,2.1550427220518031e-07,,,,,,,,,,,,
6,14199,,,,,,,,,,,,,,,,,,,9.999999747378752e-05,9.999999747378752e-05,2.1550427220518031e-07,,,,,,,,,,,,
6,14249,,,,,,,,,,,,,,,,,,,9.999999747378752e-05,9.999999747378752e-05,2.1550427220518031e-07,,,,,,,,,,,,
6,14299,,,,,,,,,,,,,,,,,,,9.999999747378752e-05,9.999999747378752e-05,2.1550427220518031e-07,,,,,,,,,,,,
6,14314,,,,,,,,,,,,,,,,,,,,,,0.7476155161857605,0.9563990235328674,0.9402959942817688,0.7634669542312622,0.8036299347877502,3.145718574523926,0.9402471780776978,0.7476155161857605,0.8388866186141968,0.7926310300827026,0.990067183971405,0.9249454140663147
6,14314,1543.8258056640625,2942.96044921875,2324.05029296875,2671.31689453125,2.5550122261047363,1.8412885665893555,0.005093157757073641,0.005215901881456375,0.005109421443194151,0.008946926333010197,0.24092046916484833,0.2531660795211792,0.2426925152540207,0.31386566162109375,0.07590007781982422,0.07841160148382187,0.07653266936540604,0.10356522351503372,,,,,,,,,,,,,,,
7,14349,,,,,,,,,,,,,,,,,,,9.999999747378752e-05,9.999999747378752e-05,2.1550427220518031e-07,,,,,,,,,,,,
7,14399,,,,,,,,,,,,,,,,,,,9.999999747378752e-05,9.999999747378752e-05,2.1550427220518031e-07,,,,,,,,,,,,
7,14449,,,,,,,,,,,,,,,,,,,9.999999747378752e-05,9.999999747378752e-05,2.1550427220518031e-07,,,,,,,,,,,,
7,14499,,,,,,,,,,,,,,,,,,,9.999999747378752e-05,9.999999747378752e-05,2.1550427220518031e-07,,,,,,,,,,,,
7,14549,,,,,,,,,,,,,,,,,,,9.999999747378752e-05,9.999999747378752e-05,2.1550427220518031e-07,,,,,,,,,,,,
7,14599,,,,,,,,,,,,,,,,,,,9.999999747378752e-05,9.999999747378752e-05,2.1550427220518031e-07,,,,,,,,,,,,
7,14649,,,,,,,,,,,,,,,,,,,9.999999747378752e-05,9.999999747378752e-05,2.1550427220518031e-07,,,,,,,,,,,,
7,14699,,,,,,,,,,,,,,,,,,,9.999999747378752e-05,9.999999747378752e-05,2.1550427220518031e-07,,,,,,,,,,,,
7,14749,,,,,,,,,,,,,,,,,,,9.999999747378752e-05,9.999999747378752e-05,2.1550427220518031e-07,,,,,,,,,,,,
7,14799,,,,,,,,,,,,,,,,,,,9.999999747378752e-05,9.999999747378752e-05,2.1550427220518031e-07,,,,,,,,,,,,
7,14849,,,,,,,,,,,,,,,,,,,9.999999747378752e-05,9.999999747378752e-05,2.1550427220518031e-07,,,,,,,,,,,,
7,14899,,,,,,,,,,,,,,,,,,,9.999999747378752e-05,9.999999747378752e-05,2.1550427220518031e-07,,,,,,,,,,,,
7,14949,,,,,,,,,,,,,,,,,,,9.999999747378752e-05,9.999999747378752e-05,2.1550427220518031e-07,,,,,,,,,,,,
7,14999,,,,,,,,,,,,,,,,,,,9.999999747378752e-05,9.999999747378752e-05,2.1550427220518031e-07,,,,,,,,,,,,
7,15049,,,,,,,,,,,,,,,,,,,9.999999747378752e-05,9.999999747378752e-05,2.1550427220518031e-07,,,,,,,,,,,,
7,15099,,,,,,,,,,,,,,,,,,,9.999999747378752e-05,9.999999747378752e-05,2.1550427220518031e-07,,,,,,,,,,,,
7,15149,,,,,,,,,,,,,,,,,,,9.999999747378752e-05,9.999999747378752e-05,2.1550427220518031e-07,,,,,,,,,,,,
7,15199,,,,,,,,,,,,,,,,,,,9.999999747378752e-05,9.999999747378752e-05,2.1550427220518031e-07,,,,,,,,,,,,
7,15249,,,,,,,,,,,,,,,,,,,9.999999747378752e-05,9.999999747378752e-05,2.1550427220518031e-07,,,,,,,,,,,,
7,15299,,,,,,,,,,,,,,,,,,,9.999999747378752e-05,9.999999747378752e-05,2.1550427220518031e-07,,,,,,,,,,,,
7,15349,,,,,,,,,,,,,,,,,,,9.999999747378752e-05,9.999999747378752e-05,2.1550427220518031e-07,,,,,,,,,,,,
7,15399,,,,,,,,,,,,,,,,,,,9.999999747378752e-05,9.999999747378752e-05,2.1550427220518031e-07,,,,,,,,,,,,
7,15449,,,,,,,,,,,,,,,,,,,9.999999747378752e-05,9.999999747378752e-05,2.1550427220518031e-07,,,,,,,,,,,,
7,15499,,,,,,,,,,,,,,,,,,,9.999999747378752e-05,9.999999747378752e-05,2.1550427220518031e-07,,,,,,,,,,,,
7,15549,,,,,,,,,,,,,,,,,,,9.999999747378752e-05,9.999999747378752e-05,2.1550427220518031e-07,,,,,,,,,,,,
7,15599,,,,,,,,,,,,,,,,,,,9.999999747378752e-05,9.999999747378752e-05,2.1550427220518031e-07,,,,,,,,,,,,
7,15649,,,,,,,,,,,,,,,,,,,9.999999747378752e-05,9.999999747378752e-05,2.1550427220518031e-07,,,,,,,,,,,,
7,15699,,,,,,,,,,,,,,,,,,,9.999999747378752e-05,9.999999747378752e-05,2.1550427220518031e-07,,,,,,,,,,,,
7,15749,,,,,,,,,,,,,,,,,,,9.999999747378752e-05,9.999999747378752e-05,2.1550427220518031e-07,,,,,,,,,,,,
7,15799,,,,,,,,,,,,,,,,,,,9.999999747378752e-05,9.999999747378752e-05,2.1550427220518031e-07,,,,,,,,,,,,
7,15849,,,,,,,,,,,,,,,,,,,9.999999747378752e-05,9.999999747378752e-05,2.1550427220518031e-07,,,,,,,,,,,,
7,15899,,,,,,,,,,,,,,,,,,,9.999999747378752e-05,9.999999747378752e-05,2.1550427220518031e-07,,,,,,,,,,,,
7,15949,,,,,,,,,,,,,,,,,,,9.999999747378752e-05,9.999999747378752e-05,2.1550427220518031e-07,,,,,,,,,,,,
7,15999,,,,,,,,,,,,,,,,,,,9.999999747378752e-05,9.999999747378752e-05,2.1550427220518031e-07,,,,,,,,,,,,
7,16049,,,,,,,,,,,,,,,,,,,9.999999747378752e-05,9.999999747378752e-05,2.1550427220518031e-07,,,,,,,,,,,,
7,16099,,,,,,,,,,,,,,,,,,,9.999999747378752e-05,9.999999747378752e-05,2.1550427220518031e-07,,,,,,,,,,,,
7,16149,,,,,,,,,,,,,,,,,,,9.999999747378752e-05,9.999999747378752e-05,2.1550427220518031e-07,,,,,,,,,,,,
7,16199,,,,,,,,,,,,,,,,,,,9.999999747378752e-05,9.999999747378752e-05,2.1550427220518031e-07,,,,,,,,,,,,
7,16249,,,,,,,,,,,,,,,,,,,9.999999747378752e-05,9.999999747378752e-05,2.1550427220518031e-07,,,,,,,,,,,,
7,16299,,,,,,,,,,,,,,,,,,,9.999999747378752e-05,9.999999747378752e-05,2.1550427220518031e-07,,,,,,,,,,,,
7,16349,,,,,,,,,,,,,,,,,,,9.999999747378752e-05,9.999999747378752e-05,2.1550427220518031e-07,,,,,,,,,,,,
7,16359,,,,,,,,,,,,,,,,,,,,,,0.7569761872291565,0.9536198973655701,0.9416692852973938,0.7628878355026245,0.8098526000976562,3.036515235900879,0.9405942559242249,0.7569761872291565,0.840300977230072,0.7996178865432739,0.9894366264343262,0.9203056693077087
7,16359,428.6024475097656,2155.138916015625,1665.838623046875,2680.862548828125,2.5550122261047363,1.7934515476226807,0.0048753805458545685,0.004972140304744244,0.0048788366839289665,0.008658546954393387,0.23500852286815643,0.2475086897611618,0.23663456737995148,0.30913418531417847,0.07320097088813782,0.07566637545824051,0.07382284104824066,0.10142829269170761,,,,,,,,,,,,,,,
8,16399,,,,,,,,,,,,,,,,,,,9.999999747378752e-06,9.999999747378752e-06,2.155042722051803e-08,,,,,,,,,,,,
8,16449,,,,,,,,,,,,,,,,,,,9.999999747378752e-06,9.999999747378752e-06,2.155042722051803e-08,,,,,,,,,,,,
8,16499,,,,,,,,,,,,,,,,,,,9.999999747378752e-06,9.999999747378752e-06,2.155042722051803e-08,,,,,,,,,,,,
8,16549,,,,,,,,,,,,,,,,,,,9.999999747378752e-06,9.999999747378752e-06,2.155042722051803e-08,,,,,,,,,,,,
8,16599,,,,,,,,,,,,,,,,,,,9.999999747378752e-06,9.999999747378752e-06,2.155042722051803e-08,,,,,,,,,,,,
8,16649,,,,,,,,,,,,,,,,,,,9.999999747378752e-06,9.999999747378752e-06,2.155042722051803e-08,,,,,,,,,,,,
8,16699,,,,,,,,,,,,,,,,,,,9.999999747378752e-06,9.999999747378752e-06,2.155042722051803e-08,,,,,,,,,,,,
8,16749,,,,,,,,,,,,,,,,,,,9.999999747378752e-06,9.999999747378752e-06,2.155042722051803e-08,,,,,,,,,,,,
8,16799,,,,,,,,,,,,,,,,,,,9.999999747378752e-06,9.999999747378752e-06,2.155042722051803e-08,,,,,,,,,,,,
8,16849,,,,,,,,,,,,,,,,,,,9.999999747378752e-06,9.999999747378752e-06,2.155042722051803e-08,,,,,,,,,,,,
8,16899,,,,,,,,,,,,,,,,,,,9.999999747378752e-06,9.999999747378752e-06,2.155042722051803e-08,,,,,,,,,,,,
8,16949,,,,,,,,,,,,,,,,,,,9.999999747378752e-06,9.999999747378752e-06,2.155042722051803e-08,,,,,,,,,,,,
8,16999,,,,,,,,,,,,,,,,,,,9.999999747378752e-06,9.999999747378752e-06,2.155042722051803e-08,,,,,,,,,,,,
8,17049,,,,,,,,,,,,,,,,,,,9.999999747378752e-06,9.999999747378752e-06,2.155042722051803e-08,,,,,,,,,,,,
8,17099,,,,,,,,,,,,,,,,,,,9.999999747378752e-06,9.999999747378752e-06,2.155042722051803e-08,,,,,,,,,,,,
8,17149,,,,,,,,,,,,,,,,,,,9.999999747378752e-06,9.999999747378752e-06,2.155042722051803e-08,,,,,,,,,,,,
8,17199,,,,,,,,,,,,,,,,,,,9.999999747378752e-06,9.999999747378752e-06,2.155042722051803e-08,,,,,,,,,,,,
8,17249,,,,,,,,,,,,,,,,,,,9.999999747378752e-06,9.999999747378752e-06,2.155042722051803e-08,,,,,,,,,,,,
8,17299,,,,,,,,,,,,,,,,,,,9.999999747378752e-06,9.999999747378752e-06,2.155042722051803e-08,,,,,,,,,,,,
8,17349,,,,,,,,,,,,,,,,,,,9.999999747378752e-06,9.999999747378752e-06,2.155042722051803e-08,,,,,,,,,,,,
8,17399,,,,,,,,,,,,,,,,,,,9.999999747378752e-06,9.999999747378752e-06,2.155042722051803e-08,,,,,,,,,,,,
8,17449,,,,,,,,,,,,,,,,,,,9.999999747378752e-06,9.999999747378752e-06,2.155042722051803e-08,,,,,,,,,,,,
8,17499,,,,,,,,,,,,,,,,,,,9.999999747378752e-06,9.999999747378752e-06,2.155042722051803e-08,,,,,,,,,,,,
8,17549,,,,,,,,,,,,,,,,,,,9.999999747378752e-06,9.999999747378752e-06,2.155042722051803e-08,,,,,,,,,,,,
8,17599,,,,,,,,,,,,,,,,,,,9.999999747378752e-06,9.999999747378752e-06,2.155042722051803e-08,,,,,,,,,,,,
8,17649,,,,,,,,,,,,,,,,,,,9.999999747378752e-06,9.999999747378752e-06,2.155042722051803e-08,,,,,,,,,,,,
8,17699,,,,,,,,,,,,,,,,,,,9.999999747378752e-06,9.999999747378752e-06,2.155042722051803e-08,,,,,,,,,,,,
8,17749,,,,,,,,,,,,,,,,,,,9.999999747378752e-06,9.999999747378752e-06,2.155042722051803e-08,,,,,,,,,,,,
8,17799,,,,,,,,,,,,,,,,,,,9.999999747378752e-06,9.999999747378752e-06,2.155042722051803e-08,,,,,,,,,,,,
8,17849,,,,,,,,,,,,,,,,,,,9.999999747378752e-06,9.999999747378752e-06,2.155042722051803e-08,,,,,,,,,,,,
8,17899,,,,,,,,,,,,,,,,,,,9.999999747378752e-06,9.999999747378752e-06,2.155042722051803e-08,,,,,,,,,,,,
8,17949,,,,,,,,,,,,,,,,,,,9.999999747378752e-06,9.999999747378752e-06,2.155042722051803e-08,,,,,,,,,,,,
8,17999,,,,,,,,,,,,,,,,,,,9.999999747378752e-06,9.999999747378752e-06,2.155042722051803e-08,,,,,,,,,,,,
8,18049,,,,,,,,,,,,,,,,,,,9.999999747378752e-06,9.999999747378752e-06,2.155042722051803e-08,,,,,,,,,,,,
8,18099,,,,,,,,,,,,,,,,,,,9.999999747378752e-06,9.999999747378752e-06,2.155042722051803e-08,,,,,,,,,,,,
8,18149,,,,,,,,,,,,,,,,,,,9.999999747378752e-06,9.999999747378752e-06,2.155042722051803e-08,,,,,,,,,,,,
8,18199,,,,,,,,,,,,,,,,,,,9.999999747378752e-06,9.999999747378752e-06,2.155042722051803e-08,,,,,,,,,,,,
8,18249,,,,,,,,,,,,,,,,,,,9.999999747378752e-06,9.999999747378752e-06,2.155042722051803e-08,,,,,,,,,,,,
8,18299,,,,,,,,,,,,,,,,,,,9.999999747378752e-06,9.999999747378752e-06,2.155042722051803e-08,,,,,,,,,,,,
8,18349,,,,,,,,,,,,,,,,,,,9.999999747378752e-06,9.999999747378752e-06,2.155042722051803e-08,,,,,,,,,,,,
8,18399,,,,,,,,,,,,,,,,,,,9.999999747378752e-06,9.999999747378752e-06,2.155042722051803e-08,,,,,,,,,,,,
8,18404,,,,,,,,,,,,,,,,,,,,,,0.7607919573783875,0.9558346271514893,0.9430699944496155,0.761981189250946,0.8054857850074768,2.850533962249756,0.9430646300315857,0.7607919573783875,0.8448476791381836,0.8038755655288696,0.9894829392433167,0.9243995547294617
8,18404,502.1407165527344,2206.839111328125,2246.0244140625,2588.813720703125,2.5550122261047363,1.4838807582855225,0.0038548316806554794,0.00405226880684495,0.00391293503344059,0.0058925561606884,0.201628640294075,0.2137683629989624,0.204398050904274,0.2537306845188141,0.0601290725171566,0.06278444826602936,0.0608983114361763,0.07708315551280975,,,,,,,,,,,,,,,
9,18449,,,,,,,,,,,,,,,,,,,9.999999747378752e-06,9.999999747378752e-06,2.155042722051803e-08,,,,,,,,,,,,
9,18499,,,,,,,,,,,,,,,,,,,9.999999747378752e-06,9.999999747378752e-06,2.155042722051803e-08,,,,,,,,,,,,
9,18549,,,,,,,,,,,,,,,,,,,9.999999747378752e-06,9.999999747378752e-06,2.155042722051803e-08,,,,,,,,,,,,
9,18599,,,,,,,,,,,,,,,,,,,9.999999747378752e-06,9.999999747378752e-06,2.155042722051803e-08,,,,,,,,,,,,
9,18649,,,,,,,,,,,,,,,,,,,9.999999747378752e-06,9.999999747378752e-06,2.155042722051803e-08,,,,,,,,,,,,
9,18699,,,,,,,,,,,,,,,,,,,9.999999747378752e-06,9.999999747378752e-06,2.155042722051803e-08,,,,,,,,,,,,
9,18749,,,,,,,,,,,,,,,,,,,9.999999747378752e-06,9.999999747378752e-06,2.155042722051803e-08,,,,,,,,,,,,
9,18799,,,,,,,,,,,,,,,,,,,9.999999747378752e-06,9.999999747378752e-06,2.155042722051803e-08,,,,,,,,,,,,
9,18849,,,,,,,,,,,,,,,,,,,9.999999747378752e-06,9.999999747378752e-06,2.155042722051803e-08,,,,,,,,,,,,
9,18899,,,,,,,,,,,,,,,,,,,9.999999747378752e-06,9.999999747378752e-06,2.155042722051803e-08,,,,,,,,,,,,
9,18949,,,,,,,,,,,,,,,,,,,9.999999747378752e-06,9.999999747378752e-06,2.155042722051803e-08,,,,,,,,,,,,
9,18999,,,,,,,,,,,,,,,,,,,9.999999747378752e-06,9.999999747378752e-06,2.155042722051803e-08,,,,,,,,,,,,
9,19049,,,,,,,,,,,,,,,,,,,9.999999747378752e-06,9.999999747378752e-06,2.155042722051803e-08,,,,,,,,,,,,
9,19099,,,,,,,,,,,,,,,,,,,9.999999747378752e-06,9.999999747378752e-06,2.155042722051803e-08,,,,,,,,,,,,
9,19149,,,,,,,,,,,,,,,,,,,9.999999747378752e-06,9.999999747378752e-06,2.155042722051803e-08,,,,,,,,,,,,
9,19199,,,,,,,,,,,,,,,,,,,9.999999747378752e-06,9.999999747378752e-06,2.155042722051803e-08,,,,,,,,,,,,
9,19249,,,,,,,,,,,,,,,,,,,9.999999747378752e-06,9.999999747378752e-06,2.155042722051803e-08,,,,,,,,,,,,
9,19299,,,,,,,,,,,,,,,,,,,9.999999747378752e-06,9.999999747378752e-06,2.155042722051803e-08,,,,,,,,,,,,
9,19349,,,,,,,,,,,,,,,,,,,9.999999747378752e-06,9.999999747378752e-06,2.155042722051803e-08,,,,,,,,,,,,
9,19399,,,,,,,,,,,,,,,,,,,9.999999747378752e-06,9.999999747378752e-06,2.155042722051803e-08,,,,,,,,,,,,
9,19449,,,,,,,,,,,,,,,,,,,9.999999747378752e-06,9.999999747378752e-06,2.155042722051803e-08,,,,,,,,,,,,
9,19499,,,,,,,,,,,,,,,,,,,9.999999747378752e-06,9.999999747378752e-06,2.155042722051803e-08,,,,,,,,,,,,
9,19549,,,,,,,,,,,,,,,,,,,9.999999747378752e-06,9.999999747378752e-06,2.155042722051803e-08,,,,,,,,,,,,
9,19599,,,,,,,,,,,,,,,,,,,9.999999747378752e-06,9.999999747378752e-06,2.155042722051803e-08,,,,,,,,,,,,
9,19649,,,,,,,,,,,,,,,,,,,9.999999747378752e-06,9.999999747378752e-06,2.155042722051803e-08,,,,,,,,,,,,
9,19699,,,,,,,,,,,,,,,,,,,9.999999747378752e-06,9.999999747378752e-06,2.155042722051803e-08,,,,,,,,,,,,
9,19749,,,,,,,,,,,,,,,,,,,9.999999747378752e-06,9.999999747378752e-06,2.155042722051803e-08,,,,,,,,,,,,
9,19799,,,,,,,,,,,,,,,,,,,9.999999747378752e-06,9.999999747378752e-06,2.155042722051803e-08,,,,,,,,,,,,
9,19849,,,,,,,,,,,,,,,,,,,9.999999747378752e-06,9.999999747378752e-06,2.155042722051803e-08,,,,,,,,,,,,
9,19899,,,,,,,,,,,,,,,,,,,9.999999747378752e-06,9.999999747378752e-06,2.155042722051803e-08,,,,,,,,,,,,
9,19949,,,,,,,,,,,,,,,,,,,9.999999747378752e-06,9.999999747378752e-06,2.155042722051803e-08,,,,,,,,,,,,
9,19999,,,,,,,,,,,,,,,,,,,9.999999747378752e-06,9.999999747378752e-06,2.155042722051803e-08,,,,,,,,,,,,
9,20049,,,,,,,,,,,,,,,,,,,9.999999747378752e-06,9.999999747378752e-06,2.155042722051803e-08,,,,,,,,,,,,
9,20099,,,,,,,,,,,,,,,,,,,9.999999747378752e-06,9.999999747378752e-06,2.155042722051803e-08,,,,,,,,,,,,
9,20149,,,,,,,,,,,,,,,,,,,9.999999747378752e-06,9.999999747378752e-06,2.155042722051803e-08,,,,,,,,,,,,
9,20199,,,,,,,,,,,,,,,,,,,9.999999747378752e-06,9.999999747378752e-06,2.155042722051803e-08,,,,,,,,,,,,
9,20249,,,,,,,,,,,,,,,,,,,9.999999747378752e-06,9.999999747378752e-06,2.155042722051803e-08,,,,,,,,,,,,
9,20299,,,,,,,,,,,,,,,,,,,9.999999747378752e-06,9.999999747378752e-06,2.155042722051803e-08,,,,,,,,,,,,
9,20349,,,,,,,,,,,,,,,,,,,9.999999747378752e-06,9.999999747378752e-06,2.155042722051803e-08,,,,,,,,,,,,
9,20399,,,,,,,,,,,,,,,,,,,9.999999747378752e-06,9.999999747378752e-06,2.155042722051803e-08,,,,,,,,,,,,
9,20449,,,,,,,,,,,,,,,,,,,9.999999747378752e-06,9.999999747378752e-06,2.155042722051803e-08,,,,,,,,,,,,
9,20449,,,,,,,,,,,,,,,,,,,,,,0.7612253427505493,0.9560175538063049,0.9431724548339844,0.762120246887207,0.8032478094100952,2.876070737838745,0.9429619312286377,0.7612253427505493,0.8407092094421387,0.8024563193321228,0.9920751452445984,0.9224891066551208
9,20449,884.7941284179688,2479.563232421875,2548.6591796875,2701.744140625,2.5550122261047363,1.416353702545166,0.0036528450436890125,0.0038362678606063128,0.00370132178068161,0.005443328060209751,0.19487009942531586,0.2050173133611679,0.19749103486537933,0.24132443964481354,0.05703840032219887,0.05955380201339722,0.057797834277153015,0.07285180687904358,,,,,,,,,,,,,,,
